date,predicted_index,real_price,regime_probability,al_price,solar_etf,semiconductor_etf,china_etf,bdry_freight,vix,thermal_coal_futures,crude_oil,usd_inr,silica_quartz_index,cny_inr,hydrology_rainfall_index,petcoke_charcoal_index,electrode_consumables_index,gfex_silicon_futures,electricity_power_index
2026-05-01,119.24183,165.3165,0.6113,3692.2592,58.6786,482.7466,38.9834,10.8387,17.9241,105.4238,99.3976,93.7827,148.27,13.786,100.0,161.0,2678.0,18.24,182.1581
2026-05-08,110.92718,153.7891,0.6046,3624.5813,51.6533,510.8933,40.2083,9.7896,16.6475,100.9376,96.4152,92.5123,148.27,13.786,100.0,161.0,2678.0,18.24,175.6831
2026-05-15,109.31648,151.5561,0.5445,3596.4349,52.6163,495.09,40.8269,9.4647,15.8078,97.4472,107.749,92.6759,148.27,13.786,100.0,161.0,2678.0,18.24,170.6455
2026-05-22,109.68416,152.0658,0.4687,3581.4239,51.9872,535.893,41.3745,8.6241,11.0847,91.6513,109.6533,93.0615,148.27,13.786,100.0,161.0,2678.0,18.24,162.2802
2026-05-29,108.4777,150.3932,0.4717,3635.7722,57.4459,554.61,41.5762,7.7872,12.3928,87.2256,107.3852,93.1921,148.27,13.786,100.0,161.0,2678.0,18.24,155.8926
2026-06-05,109.50628,151.8192,0.5072,3566.4342,59.5918,594.0995,41.962,8.2183,10.6834,86.677,117.3686,92.5851,148.27,13.786,100.0,161.0,2678.0,18.24,155.1008
2026-06-12,108.40026,150.2858,0.4653,3383.6383,63.7949,579.5097,43.2146,7.9242,11.2245,79.913,116.3655,92.6915,148.27,13.786,100.0,161.0,2678.0,18.24,145.3383
2026-06-19,107.34671,148.8252,0.4425,3448.1034,67.5467,645.9573,45.8414,8.4983,11.7197,84.2824,113.2468,92.6191,148.27,13.786,100.0,161.0,2678.0,18.24,151.6447
2026-06-26,106.70082,147.9297,0.3951,3435.3102,71.0225,645.4741,44.5347,8.408,12.5736,77.8474,107.7087,92.8403,148.27,13.786,100.0,161.0,2678.0,18.24,142.357
2026-07-03,108.80878,150.8522,0.4135,3549.2606,69.1696,639.6867,45.0788,7.6071,11.2614,77.1968,103.4041,92.4153,148.27,13.786,100.0,161.0,2678.0,18.24,141.4181
2026-07-10,108.1788,149.9788,0.3611,3563.2067,71.1036,645.1718,44.7596,8.5272,13.32,66.6219,112.9364,94.0061,148.27,13.786,100.0,161.0,2678.0,18.24,126.1553
2026-07-17,108.83378,150.8869,0.3643,3514.1409,71.1942,691.7316,44.7491,8.7307,14.4155,68.8115,113.7616,93.3106,148.27,13.786,100.0,161.0,2678.0,18.24,129.3155
2026-07-24,109.06578,151.2085,0.3237,3607.4873,68.2064,683.9164,46.5798,9.0775,9.6595,70.8146,120.4282,92.8583,148.27,13.786,100.0,161.0,2678.0,18.24,132.2066
2026-07-31,107.73816,149.3679,0.3482,3705.0111,62.7086,694.565,48.3184,9.2444,8.742,67.3757,126.679,93.2888,148.27,13.786,100.0,161.0,2678.0,18.24,127.2433
2026-08-07,107.6371,149.2278,0.3796,3794.6497,67.0529,649.6449,50.4182,8.6497,7.3102,56.8513,121.7664,93.3922,148.27,13.786,100.0,161.0,2678.0,18.24,112.0534
2026-08-14,107.61596,149.1985,0.3679,3732.0621,64.1483,686.8133,51.622,10.9248,5.8966,59.3343,124.5252,93.5351,148.27,13.786,100.0,161.0,2678.0,18.24,115.6371
2026-08-21,107.90497,149.5992,0.376,3893.4639,60.0982,718.175,52.4055,10.9879,4.5679,64.7659,127.895,92.4256,148.27,13.786,100.0,161.0,2678.0,18.24,123.4766
2026-08-28,108.10635,149.8783,0.3554,3695.5517,61.612,726.1368,52.0599,10.6695,4.1306,61.7393,112.9484,92.3387,148.27,13.786,100.0,161.0,2678.0,18.24,119.1083
2026-09-04,108.21238,150.0253,0.3658,3589.2471,66.8279,706.7859,50.2547,11.4562,3.833,63.2962,108.9384,91.2234,148.27,13.786,100.0,161.0,2678.0,18.24,121.3553
2026-09-11,106.5132,147.6696,0.3422,3456.339,63.0994,727.4437,50.0113,10.9457,3.866,61.7947,121.4936,90.8602,148.27,13.786,100.0,161.0,2678.0,18.24,119.1883
2026-09-18,105.3544,146.0631,0.3304,3484.8235,63.962,744.0956,46.8384,11.8206,3.5528,66.3848,120.9554,90.6938,148.27,13.786,100.0,161.0,2678.0,18.24,125.8131
2026-09-25,106.53106,147.6944,0.3476,3448.6385,70.0875,736.3427,45.682,11.3806,3.4684,63.3556,118.9566,90.8757,148.27,13.786,100.0,161.0,2678.0,18.24,121.4411
2026-10-02,107.03655,148.3952,0.3597,3479.4495,72.7015,810.5854,46.0903,12.9298,3.2127,63.69,115.5239,90.5014,148.27,13.786,100.0,161.0,2678.0,18.24,121.9238
2026-10-09,108.72572,150.737,0.3546,3552.7497,71.2203,748.1838,45.4489,13.1242,3.207,66.6076,129.073,90.8465,148.27,13.786,100.0,161.0,2678.0,18.24,126.1347
2026-10-16,107.40157,148.9012,0.3252,3600.2232,75.2413,772.5012,47.1771,12.2082,3.3075,68.5374,132.9116,91.6714,148.27,13.786,100.0,161.0,2678.0,18.24,128.92
2026-10-23,106.47211,147.6126,0.293,3521.5432,73.4253,737.5634,47.3982,11.8749,4.0234,63.5138,145.3697,91.0852,148.27,13.786,100.0,161.0,2678.0,18.24,121.6693
2026-10-30,107.64157,149.234,0.3187,3426.6843,79.2275,756.1124,47.3016,10.1148,5.0216,70.9412,160.1545,90.7415,148.27,13.786,100.0,161.0,2678.0,18.24,132.3893
2026-11-06,107.56425,149.1268,0.2863,3459.5696,73.2811,772.1828,49.2903,10.8217,4.5322,65.5438,157.7496,92.98,148.27,13.786,100.0,161.0,2678.0,18.24,124.5992
2026-11-13,106.53183,147.6954,0.3355,3427.9608,77.5999,779.9437,49.7931,9.8325,2.6342,70.0488,178.2003,92.8082,148.27,13.786,100.0,161.0,2678.0,18.24,131.1014
2026-11-20,107.50264,149.0414,0.3345,3477.7826,78.3014,786.9209,49.3726,10.7737,2.4246,64.6622,163.6614,92.9191,148.27,13.786,100.0,161.0,2678.0,18.24,123.3269
2026-11-27,107.42413,148.9325,0.3092,3516.2074,77.8264,735.7302,51.3081,10.6802,3.2653,70.569,156.2698,92.4399,148.27,13.786,100.0,161.0,2678.0,18.24,131.8521
2026-12-04,106.67958,147.9003,0.3013,3375.2401,85.1023,754.0944,52.5285,11.1505,3.7321,75.4621,152.0383,91.5412,148.27,13.786,100.0,161.0,2678.0,18.24,138.9143
2026-12-11,105.62951,146.4445,0.2683,3519.5383,84.1099,759.1881,53.2874,10.9662,3.6651,79.3249,143.643,91.1244,148.27,13.786,100.0,161.0,2678.0,18.24,144.4895
2026-12-18,105.83641,146.7313,0.238,3687.5202,86.0898,769.3953,51.6916,10.8097,3.1228,77.0644,134.6261,92.2337,148.27,13.786,100.0,161.0,2678.0,18.24,141.227
2026-12-25,108.16178,149.9552,0.2777,3660.9693,79.0015,830.4146,49.0602,10.3338,2.9228,85.1343,122.5636,92.3758,148.27,13.786,100.0,161.0,2678.0,18.24,152.8743
2027-01-01,107.68391,149.2927,0.3304,3621.2098,80.7245,833.4966,51.5265,9.8546,3.514,83.277,118.1814,92.4946,148.27,13.786,100.0,161.0,2678.0,18.24,150.1936
2027-01-08,107.01045,148.359,0.2182,3646.0739,84.5724,869.7237,53.0554,8.9389,3.1679,80.1167,113.4099,91.9518,148.27,13.786,100.0,161.0,2678.0,18.24,145.6324
2027-01-15,98.49071,136.5473,0.2412,3624.7167,82.4954,906.1947,52.0337,10.8203,3.9611,78.2994,121.1273,92.3454,148.27,13.786,100.0,161.0,2678.0,18.24,143.0094
2027-01-22,102.58823,142.228,0.2329,3805.495,88.6021,877.3542,52.2722,11.141,5.2162,82.415,120.6614,92.5332,148.27,13.786,100.0,161.0,2678.0,18.24,148.9495
2027-01-29,107.2804,148.7332,0.1978,3972.8833,91.0768,902.278,49.5527,12.2131,5.535,76.0081,124.183,91.1913,148.27,13.786,100.0,161.0,2678.0,18.24,139.7024
2027-02-05,107.11275,148.5008,0.1909,3875.9683,94.1168,877.5318,52.5963,12.2809,6.5713,76.3558,126.8635,91.6376,148.27,13.786,100.0,161.0,2678.0,18.24,140.2043
2027-02-12,99.63879,138.1389,0.1855,3873.6535,103.298,972.1632,54.1007,12.0485,6.181,72.7569,122.7395,91.4899,148.27,13.786,100.0,161.0,2678.0,18.24,135.01
2027-02-19,105.51881,146.291,0.1984,3837.2158,97.8131,982.6842,52.658,12.0953,6.4966,72.6107,123.3245,91.6514,148.27,13.786,100.0,161.0,2678.0,18.24,134.799
2027-02-26,106.20181,147.2379,0.2047,3756.343,100.5632,1012.7798,50.5429,10.7159,6.8046,70.5493,125.3117,90.8255,148.27,13.786,100.0,161.0,2678.0,18.24,131.8237
2027-03-05,107.08373,148.4606,0.2112,3531.1066,98.6918,1003.2672,54.5992,12.057,7.4341,79.7966,135.5781,89.5374,148.27,13.786,100.0,161.0,2678.0,18.24,145.1703
2027-03-12,108.1284,149.9089,0.2083,3623.3989,98.8456,939.8592,55.5855,11.9067,7.1855,69.7562,141.921,89.661,148.27,13.786,100.0,161.0,2678.0,18.24,130.6791
2027-03-19,108.12137,149.8992,0.2307,3658.5213,109.0232,992.3928,55.4354,11.1495,7.9562,70.6553,156.2668,90.3361,148.27,13.786,100.0,161.0,2678.0,18.24,131.9767
2027-03-26,108.97532,151.0831,0.2107,3664.3546,114.5484,927.6543,54.0054,9.5297,10.9606,79.443,162.0143,89.699,148.27,13.786,100.0,161.0,2678.0,18.24,144.66
2027-04-02,108.16231,149.9559,0.2297,3609.638,124.4466,910.5316,51.7006,9.6764,11.5925,81.9826,168.6163,90.0625,148.27,13.786,100.0,161.0,2678.0,18.24,148.3254
2027-04-09,106.38783,147.4958,0.2732,3480.7607,122.8506,936.1147,54.9381,10.3035,15.4043,80.0803,171.1832,90.6173,148.27,13.786,100.0,161.0,2678.0,18.24,145.5798
2027-04-16,107.49609,149.0323,0.2685,3364.2026,112.8359,909.5787,55.0603,10.5062,12.0355,71.7218,164.2548,91.2479,148.27,13.786,100.0,161.0,2678.0,18.24,133.516
2027-04-23,107.00955,148.3578,0.2722,3472.6947,115.981,973.6506,56.9972,11.0997,11.3655,69.9459,163.9664,92.5028,148.27,13.786,100.0,161.0,2678.0,18.24,130.9529
2027-04-30,106.93221,148.2505,0.2894,3398.433,103.2223,977.9747,62.2944,10.3061,18.3298,76.0424,159.8809,92.5436,148.27,13.786,100.0,161.0,2678.0,18.24,139.752
2027-05-07,107.30759,148.771,0.2902,3560.4569,97.036,952.6432,58.7168,9.8669,20.7064,77.0068,167.9493,91.936,148.27,13.786,100.0,161.0,2678.0,18.24,141.1438
2027-05-14,108.33438,150.1945,0.3009,3690.9396,100.7612,929.8386,58.3509,9.6412,19.1871,75.2012,164.1556,91.64,148.27,13.786,100.0,161.0,2678.0,18.24,138.5378
2027-05-21,107.33355,148.8069,0.3191,3551.2634,108.7829,905.2265,59.65,9.212,16.552,76.3052,174.1965,91.4947,148.27,13.786,100.0,161.0,2678.0,18.24,140.1312
2027-05-28,106.24231,147.294,0.3802,3571.1234,113.5737,924.839,56.5211,9.9621,14.7863,72.3285,167.5142,91.5658,148.27,13.786,100.0,161.0,2678.0,18.24,134.3917
2027-06-04,107.27324,148.7233,0.3057,3408.8112,114.3983,971.0219,55.3885,9.3219,12.8475,65.7628,180.7131,91.3643,148.27,13.786,100.0,161.0,2678.0,18.24,124.9154
2027-06-11,107.61812,149.2015,0.2823,3521.0363,112.138,908.1058,56.7901,9.4962,17.2015,60.0666,211.2522,92.4471,148.27,13.786,100.0,161.0,2678.0,18.24,116.694
2027-06-18,108.55672,150.5027,0.2818,3501.1765,107.3797,945.1101,56.9291,10.2017,20.9273,52.8297,202.565,92.0446,148.27,13.786,100.0,161.0,2678.0,18.24,106.2491
2027-06-25,108.13582,149.9192,0.2976,3603.2699,108.5082,1016.6274,57.8345,11.2044,22.3805,51.9778,191.157,91.6571,148.27,13.786,100.0,161.0,2678.0,18.24,105.0195
2027-07-02,106.9424,148.2646,0.3222,3655.14,116.9225,1059.5332,58.3116,11.8554,26.295,50.4448,187.8316,91.6078,148.27,13.786,100.0,161.0,2678.0,18.24,102.8069
2027-07-09,104.7987,145.2926,0.291,3760.0716,114.7977,1045.4862,58.855,12.1196,26.4474,46.6237,186.7019,93.1556,148.27,13.786,100.0,161.0,2678.0,18.24,97.2919
2027-07-16,107.68776,149.298,0.2894,3944.1075,118.7976,995.9342,56.7301,11.932,27.7314,48.3719,196.9548,93.5368,148.27,13.786,100.0,161.0,2678.0,18.24,99.8151
2027-07-23,109.34865,151.6007,0.2743,3929.6049,114.649,1075.2576,56.6972,11.1717,23.9485,45.8513,206.5484,93.4833,148.27,13.786,100.0,161.0,2678.0,18.24,96.1772
2027-07-30,108.15379,149.9441,0.2739,4064.8776,112.2025,1143.7745,57.4558,11.0832,23.089,49.2421,209.3417,93.7915,148.27,13.786,100.0,161.0,2678.0,18.24,101.0711
2027-08-06,106.18108,147.2092,0.2925,3864.9836,111.5594,1087.9533,57.7601,11.2879,23.9607,47.8667,237.9926,92.9421,148.27,13.786,100.0,161.0,2678.0,18.24,99.0859
2027-08-13,108.19564,150.0021,0.3076,4051.4469,106.9717,1085.787,57.1428,10.7575,26.6504,50.8104,226.9149,92.9846,148.27,13.786,100.0,161.0,2678.0,18.24,103.3346
2027-08-20,108.81444,150.86,0.3119,4058.3328,107.1275,1099.1366,58.6542,10.5414,27.1697,49.8888,228.5052,92.1529,148.27,13.786,100.0,161.0,2678.0,18.24,102.0044
2027-08-27,108.88344,150.9557,0.2448,3991.7122,106.1083,1093.2836,61.5452,10.2712,33.7823,42.505,246.4009,93.039,148.27,13.786,100.0,161.0,2678.0,18.24,91.3475
2027-09-03,110.22395,152.8142,0.2356,4002.9689,112.1406,1003.7008,58.8201,11.3475,35.5429,47.9551,253.2615,93.1483,148.27,13.786,100.0,161.0,2678.0,18.24,99.2135
2027-09-10,106.47548,147.6173,0.2274,4122.5345,113.7817,1003.8584,60.1756,11.2109,35.3942,46.4091,231.7701,93.5448,148.27,13.786,100.0,161.0,2678.0,18.24,96.9822
2027-09-17,105.60148,146.4056,0.2184,4338.1519,114.9001,1004.4367,59.8965,11.8917,32.902,48.2753,253.6274,93.8688,148.27,13.786,100.0,161.0,2678.0,18.24,99.6756
2027-09-24,106.96229,148.2922,0.2074,4230.0587,111.0368,1039.4443,60.4863,11.9433,34.2066,50.9962,252.378,93.9156,148.27,13.786,100.0,161.0,2678.0,18.24,103.6027
2027-10-01,107.88381,149.5698,0.212,4216.1121,108.1548,1060.8243,61.5896,10.8922,37.4894,59.1168,259.161,92.7699,148.27,13.786,100.0,161.0,2678.0,18.24,115.3233
2027-10-08,105.64502,146.466,0.2104,4217.4628,107.7176,1104.2932,64.6724,11.4653,36.6868,63.1817,238.6256,92.2961,148.27,13.786,100.0,161.0,2678.0,18.24,121.1901
2027-10-15,106.27897,147.3449,0.2261,4210.6569,106.7011,1110.9478,65.2061,10.6781,31.9748,63.3531,230.5,92.9166,148.27,13.786,100.0,161.0,2678.0,18.24,121.4375
2027-10-22,106.65383,147.8646,0.2056,4466.6091,109.1411,1141.7015,67.8029,10.7341,28.8512,61.6047,224.7159,92.2838,148.27,13.786,100.0,161.0,2678.0,18.24,118.914
2027-10-29,105.86008,146.7641,0.196,4605.4081,108.6472,1153.5109,67.4443,10.1123,33.135,64.0261,202.3682,92.1014,148.27,13.786,100.0,161.0,2678.0,18.24,122.4088
2027-11-05,107.24943,148.6903,0.1655,4636.4494,110.1741,1232.6088,67.2231,10.3286,36.5299,64.7366,197.4822,92.2391,148.27,13.786,100.0,161.0,2678.0,18.24,123.4343
2027-11-12,107.5172,149.0616,0.1241,4400.2542,116.105,1209.0605,67.5332,10.6186,33.5615,64.2385,176.4337,92.7394,148.27,13.786,100.0,161.0,2678.0,18.24,122.7153
2027-11-19,107.61938,149.2032,0.1257,4129.0936,118.9453,1184.8489,65.1429,11.1965,34.8966,62.1346,164.3767,93.3374,148.27,13.786,100.0,161.0,2678.0,18.24,119.6787
2027-11-26,107.9175,149.6165,0.1404,3985.5907,130.1193,1230.7087,64.6736,10.6256,31.331,62.4083,162.3467,93.9924,148.27,13.786,100.0,161.0,2678.0,18.24,120.0738
2027-12-03,107.22938,148.6625,0.198,4040.0559,134.2309,1254.5979,66.1652,11.7316,32.3312,65.0778,161.5884,94.9899,148.27,13.786,100.0,161.0,2678.0,18.24,123.9267
2027-12-10,105.40598,146.1346,0.1506,3955.0907,134.1868,1174.9208,67.5045,11.1963,37.9391,64.023,161.4075,94.8765,148.27,13.786,100.0,161.0,2678.0,18.24,122.4043
2027-12-17,105.02675,145.6088,0.1544,4044.5952,140.0401,1196.5625,65.2395,11.1608,37.9109,59.7902,175.5135,95.4906,148.27,13.786,100.0,161.0,2678.0,18.24,116.2952
2027-12-24,105.47231,146.2265,0.1991,3943.8818,140.381,1183.8711,65.0453,11.0174,33.6965,60.4849,165.4983,96.1866,148.27,13.786,100.0,161.0,2678.0,18.24,117.2978
2027-12-31,106.418,147.5376,0.2051,4052.3475,140.8869,1153.0297,66.6755,11.3476,38.9077,62.7976,175.4781,95.818,148.27,13.786,100.0,161.0,2678.0,18.24,120.6358
2028-01-07,105.58543,146.3833,0.2059,4100.8904,158.4983,1136.0014,67.1635,10.5148,35.728,65.1353,186.8839,97.9149,148.27,13.786,100.0,161.0,2678.0,18.24,124.0097
2028-01-14,104.72608,145.1919,0.1617,4116.1737,163.8757,1089.2009,66.5587,9.2932,38.0915,67.6738,181.9781,99.049,148.27,13.786,100.0,161.0,2678.0,18.24,127.6735
2028-01-21,104.58755,144.9999,0.1452,3934.3287,182.5712,1084.928,70.8891,8.2351,34.7353,70.9507,183.8411,99.4392,148.27,13.786,100.0,161.0,2678.0,18.24,132.403
2028-01-28,106.06081,147.0424,0.063,3980.7066,187.5505,1097.2324,69.5265,7.837,34.5884,76.0396,189.5179,99.1761,148.27,13.786,100.0,161.0,2678.0,18.24,139.7479
2028-02-04,106.57993,147.7621,0.0735,3849.9819,190.8598,1114.9131,69.3168,8.3231,28.306,81.1812,182.2471,98.0633,148.27,13.786,100.0,161.0,2678.0,18.24,147.1687
2028-02-11,106.35549,147.451,0.1434,3709.7516,201.4296,1092.687,65.6074,8.065,36.0274,85.3623,178.7877,97.8187,148.27,13.786,100.0,161.0,2678.0,18.24,153.2034
2028-02-18,105.51703,146.2885,0.1492,3749.7751,216.0697,1079.4037,66.4974,7.8737,32.9692,85.6073,172.122,97.7297,148.27,13.786,100.0,161.0,2678.0,18.24,153.5569
2028-02-25,104.77189,145.2555,0.1206,3538.7886,227.0516,1095.4772,68.8893,6.3526,46.1215,84.9051,183.0834,96.9965,148.27,13.786,100.0,161.0,2678.0,18.24,152.5435
2028-03-03,106.25983,147.3183,0.1586,3567.9741,219.2999,1145.8868,68.494,6.6174,39.7931,84.751,204.6695,97.683,148.27,13.786,100.0,161.0,2678.0,18.24,152.321
2028-03-10,106.32419,147.4076,0.1737,3693.8654,227.0252,1093.0554,72.57,6.0791,41.7733,81.0591,203.9765,97.9209,148.27,13.786,100.0,161.0,2678.0,18.24,146.9925
2028-03-17,105.80508,146.6879,0.1701,3755.5746,231.4669,1019.4125,70.2156,6.5716,45.7784,84.5881,211.3386,98.8487,148.27,13.786,100.0,161.0,2678.0,18.24,152.086
2028-03-24,105.59691,146.3993,0.2022,3757.8513,218.2626,960.4461,74.2915,6.1726,39.0288,74.4869,204.0017,97.9043,148.27,13.786,100.0,161.0,2678.0,18.24,137.5069
2028-03-31,104.97825,145.5416,0.2436,3520.5197,210.4367,963.1017,77.3126,5.9692,38.9005,69.5687,187.3807,98.9436,148.27,13.786,100.0,161.0,2678.0,18.24,130.4084
2028-04-07,104.4833,144.8554,0.238,3579.2158,217.3265,998.1916,79.4184,6.0962,39.5544,69.3124,179.7217,98.7448,148.27,13.786,100.0,161.0,2678.0,18.24,130.0385
2028-04-14,105.25355,145.9232,0.2389,3682.1809,210.2705,922.1339,80.5435,6.8225,44.7866,66.8865,164.5823,98.6514,148.27,13.786,100.0,161.0,2678.0,18.24,126.5373
2028-04-21,105.21643,145.8718,0.2237,3542.5701,203.6179,934.7303,76.134,7.0504,44.6419,69.1054,166.6643,99.6394,148.27,13.786,100.0,161.0,2678.0,18.24,129.7398
2028-04-28,106.10892,147.1091,0.2007,3669.4531,207.9081,923.9921,77.2242,7.318,36.239,73.9598,163.923,99.4427,148.27,13.786,100.0,161.0,2678.0,18.24,136.7461
2028-05-05,106.63309,147.8358,0.2131,3766.6264,204.6734,973.4514,75.4089,7.4723,31.6816,83.9496,153.4779,99.6701,148.27,13.786,100.0,161.0,2678.0,18.24,151.1644
2028-05-12,105.81088,146.6959,0.2626,3903.5872,223.3922,913.3832,76.1285,8.3282,24.1592,85.5233,153.4783,99.9741,148.27,13.786,100.0,161.0,2678.0,18.24,153.4357
2028-05-19,105.79601,146.6753,0.2358,3841.6904,230.3755,977.6128,75.1167,8.2046,22.0005,80.5488,148.0588,99.0895,148.27,13.786,100.0,161.0,2678.0,18.24,146.256
2028-05-26,107.81751,149.4779,0.2125,3773.2663,239.2736,1020.6726,75.4075,8.4923,30.9247,75.1597,138.2698,99.5947,148.27,13.786,100.0,161.0,2678.0,18.24,138.4779
2028-06-02,106.20441,147.2415,0.2488,3767.5371,246.6086,1024.1181,76.86,7.9326,31.7765,69.1396,137.4326,98.9436,148.27,13.786,100.0,161.0,2678.0,18.24,129.7891
2028-06-09,108.43282,150.331,0.2671,3709.8722,228.6642,1027.438,79.0117,7.9781,38.7055,66.1474,139.1775,98.5665,148.27,13.786,100.0,161.0,2678.0,18.24,125.4705
2028-06-16,105.55889,146.3466,0.2882,3814.862,219.2289,972.2805,74.0458,8.2856,32.4111,58.2499,142.2278,100.3745,148.27,13.786,100.0,161.0,2678.0,18.24,114.0721
2028-06-23,106.22629,147.2718,0.2838,3772.7586,224.8013,954.8805,77.1654,8.6436,35.6897,56.5314,140.3858,99.512,148.27,13.786,100.0,161.0,2678.0,18.24,111.5917
2028-06-30,105.054,145.6466,0.2696,3772.0847,238.3571,974.0942,77.0987,9.1854,44.6279,58.425,140.4791,98.5679,148.27,13.786,100.0,161.0,2678.0,18.24,114.3247
2028-07-07,106.50286,147.6553,0.259,3828.4972,239.0813,903.8907,75.3575,7.4143,46.7806,59.411,134.4352,98.9582,148.27,13.786,100.0,161.0,2678.0,18.24,115.7478
2028-07-14,104.6588,145.0987,0.2912,3998.3846,241.031,891.4513,73.7419,7.2505,43.9477,60.0121,135.6506,98.9623,148.27,13.786,100.0,161.0,2678.0,18.24,116.6154
2028-07-21,103.90681,144.0561,0.2684,4057.1842,272.6447,853.7039,73.2003,7.1824,51.524,58.2417,127.1182,99.8383,148.27,13.786,100.0,161.0,2678.0,18.24,114.0601
2028-07-28,105.9788,146.9287,0.2596,3763.0727,264.7795,867.8611,69.4716,7.2816,51.395,60.2689,127.975,99.135,148.27,13.786,100.0,161.0,2678.0,18.24,116.986
2028-08-04,106.00418,146.9639,0.2359,3635.0458,264.2381,911.2043,67.3848,6.1384,47.8442,57.2343,112.7834,99.3426,148.27,13.786,100.0,161.0,2678.0,18.24,112.6062
2028-08-11,106.17724,147.2038,0.2806,3746.8725,255.7948,983.2438,69.021,5.9207,67.6813,55.2232,117.5375,99.5609,148.27,13.786,100.0,161.0,2678.0,18.24,109.7036
2028-08-18,105.58273,146.3796,0.3118,3619.563,256.6848,987.0073,73.3563,5.8215,68.6657,56.0016,114.613,98.9822,148.27,13.786,100.0,161.0,2678.0,18.24,110.8271
2028-08-25,105.34661,146.0522,0.2976,3551.3167,242.6512,1009.4156,76.4988,6.141,80.5904,53.5539,105.9167,100.0718,148.27,13.786,100.0,161.0,2678.0,18.24,107.2943
2028-09-01,105.91221,146.8364,0.2604,3618.4055,259.2,985.3385,76.6044,6.842,107.6269,55.9656,109.4728,99.453,148.27,13.786,100.0,161.0,2678.0,18.24,110.7751
2028-09-08,105.35477,146.0636,0.2652,3417.5538,289.5441,941.2568,76.0084,6.7034,113.0769,58.728,114.8387,99.0329,148.27,13.786,100.0,161.0,2678.0,18.24,114.762
2028-09-15,106.72008,147.9564,0.2454,3540.4924,287.3956,976.8075,78.0095,6.2066,122.5969,59.8707,115.0388,98.9661,148.27,13.786,100.0,161.0,2678.0,18.24,116.4114
2028-09-22,105.8342,146.7282,0.2542,3601.5545,307.2182,977.7783,78.8672,7.0427,127.4321,69.8145,118.716,97.7064,148.27,13.786,100.0,161.0,2678.0,18.24,130.7632
2028-09-29,105.3703,146.0851,0.215,3537.1547,315.2473,967.7455,78.8134,7.4897,109.7862,75.3325,115.9666,97.8932,148.27,13.786,100.0,161.0,2678.0,18.24,138.7273
2028-10-06,104.23522,144.5114,0.201,3583.3459,336.2345,943.6032,78.4417,7.4984,96.7656,78.2728,115.1959,98.1939,148.27,13.786,100.0,161.0,2678.0,18.24,142.971
2028-10-13,105.84073,146.7373,0.1844,3499.3828,300.4328,967.1012,79.3879,6.6107,122.3132,86.443,110.4954,99.0327,148.27,13.786,100.0,161.0,2678.0,18.24,154.7631
2028-10-20,105.56617,146.3566,0.1688,3769.7308,291.4706,974.6433,83.8385,7.6723,170.3836,92.8376,116.9681,99.462,148.27,13.786,100.0,161.0,2678.0,18.24,163.9924
2028-10-27,106.01768,146.9826,0.2161,3894.2001,281.4846,1013.9249,85.8861,6.2455,193.7986,90.5002,111.3559,98.854,148.27,13.786,100.0,161.0,2678.0,18.24,160.6189
2028-11-03,106.07827,147.0666,0.2614,3966.439,266.412,1095.3054,89.6769,6.5215,186.8629,85.5149,109.082,99.6419,148.27,13.786,100.0,161.0,2678.0,18.24,153.4236
2028-11-10,105.49876,146.2632,0.2226,3807.1963,250.1155,1071.6102,92.158,5.666,192.0461,90.8944,107.9117,99.3756,148.27,13.786,100.0,161.0,2678.0,18.24,161.1877
2028-11-17,105.46559,146.2172,0.2581,3502.3314,249.7604,1153.679,97.7353,5.4773,174.3169,93.4461,102.0944,99.5951,148.27,13.786,100.0,161.0,2678.0,18.24,164.8707
2028-11-24,105.57092,146.3632,0.1819,3404.4397,238.0659,1170.9296,96.9749,5.1465,150.2739,91.7844,111.3896,99.2151,148.27,13.786,100.0,161.0,2678.0,18.24,162.4724
2028-12-01,105.82317,146.713,0.1422,3493.1942,247.706,1157.3913,97.2057,5.3476,116.8834,88.9611,116.418,98.3138,148.27,13.786,100.0,161.0,2678.0,18.24,158.3974
2028-12-08,106.64475,147.852,0.1586,3501.4457,252.3991,1119.198,96.1288,5.1811,107.1283,92.3497,113.5508,99.0457,148.27,13.786,100.0,161.0,2678.0,18.24,163.2882
2028-12-15,104.38377,144.7174,0.1308,3572.8313,254.8192,1102.3151,93.3569,5.2146,90.1617,77.7153,116.3418,99.7007,148.27,13.786,100.0,161.0,2678.0,18.24,142.1664
2028-12-22,104.97166,145.5324,0.1386,3499.8717,255.8449,1168.3505,93.5461,4.9702,89.3104,74.8837,120.3048,99.1879,148.27,13.786,100.0,161.0,2678.0,18.24,138.0795
2028-12-29,105.59789,146.4006,0.1197,3669.2558,260.3426,1156.222,92.5864,4.4261,102.9359,74.5403,119.1085,101.5221,148.27,13.786,100.0,161.0,2678.0,18.24,137.584
2029-01-05,105.88898,146.8042,0.1391,3811.7431,252.5171,1071.5084,93.2463,4.547,128.2697,79.9588,122.7165,102.0903,148.27,13.786,100.0,161.0,2678.0,18.24,145.4045
2029-01-12,105.7894,146.6661,0.1851,3719.201,243.9347,1118.4728,92.1495,4.413,110.0057,81.9845,137.6158,101.3003,148.27,13.786,100.0,161.0,2678.0,18.24,148.3282
2029-01-19,105.66984,146.5004,0.1918,3748.07,243.3546,1173.275,96.9381,4.0404,105.5802,82.1432,135.5943,102.6323,148.27,13.786,100.0,161.0,2678.0,18.24,148.5572
2029-01-26,105.22094,145.878,0.1741,3709.8788,247.8363,1159.0076,97.5179,4.4556,89.8014,87.8636,145.8897,102.5447,148.27,13.786,100.0,161.0,2678.0,18.24,156.8134
2029-02-02,106.58981,147.7758,0.2056,3656.6053,261.4415,1185.6805,94.6647,4.2727,84.061,84.4912,130.3392,103.1171,148.27,13.786,100.0,161.0,2678.0,18.24,151.946
2029-02-09,106.15739,147.1763,0.1975,3611.0932,267.1917,1184.5447,91.6877,4.3769,69.5424,90.6305,127.0217,103.2688,148.27,13.786,100.0,161.0,2678.0,18.24,160.8069
2029-02-16,106.06495,147.0482,0.2099,3558.1108,278.6149,1254.3688,95.0308,3.7913,70.963,96.3074,118.066,103.815,148.27,13.786,100.0,161.0,2678.0,18.24,169.0003
2029-02-23,106.18518,147.2148,0.2066,3533.3183,288.8902,1357.576,94.5866,3.5269,84.7891,95.6252,104.6464,104.4582,148.27,13.786,100.0,161.0,2678.0,18.24,168.0157
2029-03-02,106.01495,146.9788,0.2172,3510.6747,295.5282,1333.2779,97.1314,3.5787,89.2219,100.778,101.6312,104.9615,148.27,13.786,100.0,161.0,2678.0,18.24,175.4528
2029-03-09,107.46342,148.987,0.2675,3703.461,292.0057,1314.0996,97.0652,3.4992,101.4683,91.603,95.8559,104.1489,148.27,13.786,100.0,161.0,2678.0,18.24,162.2105
2029-03-16,106.51425,147.6711,0.2692,3783.4436,281.9898,1318.7024,95.4754,3.3138,102.0573,93.5026,102.2572,104.3507,148.27,13.786,100.0,161.0,2678.0,18.24,164.9522
2029-03-23,107.20518,148.629,0.3045,3895.2402,243.8305,1356.4642,93.2928,2.893,110.7999,101.4044,101.4814,105.0778,148.27,13.786,100.0,161.0,2678.0,18.24,176.3569
2029-03-30,107.09081,148.4704,0.2795,3782.1088,254.326,1303.1161,93.3928,2.8385,75.2899,103.9773,102.2944,106.2161,148.27,13.786,100.0,161.0,2678.0,18.24,180.0703
2029-04-06,106.47683,147.6192,0.2975,3803.6315,244.3741,1233.5396,91.3943,2.8308,70.2671,99.8111,94.6097,106.1523,148.27,13.786,100.0,161.0,2678.0,18.24,174.0573
2029-04-13,105.53548,146.3141,0.2821,3781.0987,244.4706,1290.4991,89.547,2.9335,109.0083,102.0605,93.6676,105.5521,148.27,13.786,100.0,161.0,2678.0,18.24,177.3039
2029-04-20,105.90978,146.833,0.2925,3694.6585,259.0459,1291.6847,95.775,2.9204,97.271,93.3325,84.7423,104.3418,148.27,13.786,100.0,161.0,2678.0,18.24,164.7067
