date,predicted_index,real_price,regime_probability,steel_etf,iron_ore,thermal_coal_futures,bdry_freight,al_price,india_steel,vix,usd_inr,silica_quartz_index,cny_inr,hydrology_rainfall_index,zce_fesi_futures,carbon_emissions_futures,electricity_power_index,fx_effect
2026-05-01,275.02314,114.0875,0.6447,104.963,106.6547,99.7806,12.3483,3614.6345,1247.8844,23.9924,94.6313,148.27,13.786,100.0,5628.0,74.71,174.0133,6.8643
2026-05-08,272.03575,112.8483,0.5757,103.7782,104.7982,101.2531,10.8353,3466.7208,1222.4356,20.2837,95.0326,148.27,13.786,100.0,5628.0,74.71,176.1385,6.8934
2026-05-15,271.56159,112.6516,0.5444,112.0241,103.9793,101.6928,9.8543,3439.8003,1232.733,16.7749,95.4709,148.27,13.786,100.0,5628.0,74.71,176.7731,6.9252
2026-05-22,273.25197,113.3528,0.5296,109.9766,112.2709,101.6454,9.2056,3550.3131,1173.3097,17.2673,94.2868,148.27,13.786,100.0,5628.0,74.71,176.7047,6.8393
2026-05-29,270.38778,112.1646,0.457,114.7477,113.1978,100.9856,9.0924,3426.2048,1141.0777,15.963,95.1789,148.27,13.786,100.0,5628.0,74.71,175.7524,6.904
2026-06-05,275.72928,114.3804,0.4708,117.4378,111.5696,97.0576,9.6061,3555.6267,1191.7945,13.8881,95.1217,148.27,13.786,100.0,5628.0,74.71,170.0832,6.8999
2026-06-12,276.28453,114.6108,0.4352,115.8181,110.8562,90.9454,8.8713,3665.5333,1267.7151,13.6718,95.9713,148.27,13.786,100.0,5628.0,74.71,161.2614,6.9615
2026-06-19,281.10634,116.611,0.3615,118.6579,118.1513,90.7787,10.0518,3419.0425,1317.4783,13.8097,95.9084,148.27,13.786,100.0,5628.0,74.71,161.0208,6.9569
2026-06-26,276.08548,114.5282,0.3612,116.6528,111.2901,86.6677,10.7124,3419.4461,1296.9932,14.9127,96.8621,148.27,13.786,100.0,5628.0,74.71,155.0875,7.0261
2026-07-03,278.28535,115.4408,0.3445,118.0061,115.8851,83.1693,10.5404,3401.1505,1220.6587,15.5831,97.1825,148.27,13.786,100.0,5628.0,74.71,150.0382,7.0494
2026-07-10,275.91624,114.458,0.2856,116.6835,114.6402,85.4454,10.4929,3442.3544,1121.24,13.3436,98.3134,148.27,13.786,100.0,5628.0,74.71,153.3232,7.1314
2026-07-17,283.7033,117.6883,0.2532,117.773,126.8544,84.5003,10.811,3458.0607,1068.5781,15.9818,98.9811,148.27,13.786,100.0,5628.0,74.71,151.9592,7.1798
2026-07-24,287.16869,119.1258,0.2391,126.3793,134.3751,80.2362,10.9514,3427.057,1114.8008,20.9607,99.7364,148.27,13.786,100.0,5628.0,74.71,145.8049,7.2346
2026-07-31,285.64122,118.4922,0.2759,121.1153,137.1098,76.0123,12.3713,3367.1159,1101.8862,23.8163,98.9641,148.27,13.786,100.0,5628.0,74.71,139.7085,7.1786
2026-08-07,284.96299,118.2109,0.2968,120.0241,136.0776,69.8297,13.604,3513.9932,1063.6258,26.2251,99.9594,148.27,13.786,100.0,5628.0,74.71,130.7851,7.2508
2026-08-14,283.3823,117.5551,0.2664,122.3208,132.2811,77.98,14.1808,3410.446,1096.6001,22.3568,100.6443,148.27,13.786,100.0,5628.0,74.71,142.5485,7.3005
2026-08-21,287.65191,119.3263,0.2785,125.385,137.5505,74.0993,14.423,3292.1895,1062.719,25.6793,100.5748,148.27,13.786,100.0,5628.0,74.71,136.9474,7.2954
2026-08-28,284.94595,118.2038,0.2716,124.5126,153.7753,76.9029,13.6138,3205.1956,1087.2598,24.7079,101.2014,148.27,13.786,100.0,5628.0,74.71,140.9939,7.3409
2026-09-04,284.56126,118.0442,0.3202,122.564,158.8305,81.816,13.3474,3133.1229,1065.3694,27.6268,101.3679,148.27,13.786,100.0,5628.0,74.71,148.085,7.353
2026-09-11,281.21013,116.6541,0.3284,123.4718,151.7095,83.5776,13.99,3246.3415,1117.0944,22.0835,100.7718,148.27,13.786,100.0,5628.0,74.71,150.6275,7.3097
2026-09-18,275.57621,114.3169,0.2757,124.1681,157.2946,90.9973,14.0704,3387.4301,1167.9254,22.8707,100.9915,148.27,13.786,100.0,5628.0,74.71,161.3363,7.3257
2026-09-25,278.68851,115.608,0.2611,125.6537,152.0009,90.799,13.5906,3227.7129,1188.0907,21.3482,101.1373,148.27,13.786,100.0,5628.0,74.71,161.0501,7.3362
2026-10-02,274.92054,114.045,0.263,122.1192,156.3594,86.9789,13.8769,3243.4845,1156.8793,30.0714,101.6891,148.27,13.786,100.0,5628.0,74.71,155.5366,7.3763
2026-10-09,276.11139,114.539,0.2972,120.1428,146.1685,83.1153,15.7697,3223.0836,1142.8087,31.5828,100.5818,148.27,13.786,100.0,5628.0,74.71,149.9603,7.2959
2026-10-16,270.95248,112.3989,0.2896,132.895,152.5288,75.9927,15.2803,3354.9653,1109.9513,33.8522,101.2277,148.27,13.786,100.0,5628.0,74.71,139.6802,7.3428
2026-10-23,277.43324,115.0873,0.2412,115.0138,146.3741,74.8777,13.9881,3529.0873,1044.784,31.4799,101.398,148.27,13.786,100.0,5628.0,74.71,138.0709,7.3551
2026-10-30,276.65136,114.7629,0.302,117.5794,151.9754,73.9973,14.1086,3606.9711,1051.918,23.1599,102.4198,148.27,13.786,100.0,5628.0,74.71,136.8002,7.4293
2026-11-06,275.75144,114.3896,0.2751,117.1643,155.736,75.2449,13.5242,3595.6042,1031.0385,21.029,103.1247,148.27,13.786,100.0,5628.0,74.71,138.6009,7.4804
2026-11-13,271.99126,112.8298,0.3055,119.5096,159.541,72.5066,14.4874,3663.9089,1001.0677,15.7488,102.2781,148.27,13.786,100.0,5628.0,74.71,134.6488,7.419
2026-11-20,270.24476,112.1053,0.3248,128.7065,156.7812,70.7889,14.8246,3674.9921,1043.4757,14.4547,103.0514,148.27,13.786,100.0,5628.0,74.71,132.1695,7.4751
2026-11-27,271.6477,112.6873,0.3373,127.5047,152.9812,79.2614,16.0993,3497.377,1024.6598,17.518,102.218,148.27,13.786,100.0,5628.0,74.71,144.3978,7.4146
2026-12-04,271.74164,112.7263,0.3352,123.8507,152.9894,70.0649,18.4205,3474.6213,1062.1067,19.3067,103.2928,148.27,13.786,100.0,5628.0,74.71,131.1246,7.4926
2026-12-11,268.55209,111.4031,0.3269,127.4108,158.586,75.0158,17.836,3416.2208,1127.7061,13.8941,104.5379,148.27,13.786,100.0,5628.0,74.71,138.2702,7.5829
2026-12-18,266.66841,110.6217,0.333,123.8265,158.3353,80.872,18.9437,3473.3646,1133.1989,10.9971,103.9519,148.27,13.786,100.0,5628.0,74.71,146.7225,7.5404
2026-12-25,268.69498,111.4624,0.3795,124.5396,164.8655,83.1738,19.076,3719.0175,1154.4232,10.2458,105.4227,148.27,13.786,100.0,5628.0,74.71,150.0447,7.6471
2027-01-01,266.49889,110.5514,0.3796,124.2141,171.6123,76.3417,20.2757,3709.7408,1089.6701,12.0812,104.0926,148.27,13.786,100.0,5628.0,74.71,140.1839,7.5506
2027-01-08,266.48046,110.5438,0.3359,127.8027,178.5906,79.7682,22.6848,3793.6317,1084.4177,11.9246,103.9273,148.27,13.786,100.0,5628.0,74.71,145.1293,7.5386
2027-01-15,260.84353,108.2054,0.3369,130.1045,178.0208,81.084,23.219,3539.3947,1043.8199,11.7045,103.9317,148.27,13.786,100.0,5628.0,74.71,147.0285,7.5389
2027-01-22,260.19209,107.9352,0.3195,139.7475,180.3563,79.6051,20.6724,3407.624,1069.1806,13.8651,105.1501,148.27,13.786,100.0,5628.0,74.71,144.894,7.6273
2027-01-29,261.39735,108.4351,0.3043,141.5995,196.0964,80.1531,23.2498,3430.5823,1124.8018,16.3362,105.3207,148.27,13.786,100.0,5628.0,74.71,145.6848,7.6397
2027-02-05,261.22301,108.3628,0.2329,151.8796,203.2911,78.1321,22.7187,3267.7852,1198.2838,18.8184,105.2572,148.27,13.786,100.0,5628.0,74.71,142.7679,7.6351
2027-02-12,255.31199,105.9108,0.243,148.8228,214.7027,82.801,23.3344,3271.7298,1241.2208,17.9682,104.0284,148.27,13.786,100.0,5628.0,74.71,149.5065,7.5459
2027-02-19,258.59809,107.2739,0.2309,156.951,202.5182,82.2076,23.2535,3173.6176,1268.5909,20.2435,103.8462,148.27,13.786,100.0,5628.0,74.71,148.6502,7.5327
2027-02-26,261.11153,108.3166,0.2303,154.0505,198.6834,78.3472,22.3539,3048.6122,1258.9629,20.4128,102.1698,148.27,13.786,100.0,5628.0,74.71,143.0784,7.4111
2027-03-05,264.33126,109.6522,0.2191,157.9865,208.7235,82.3923,21.3899,2988.356,1291.7785,18.6769,101.2942,148.27,13.786,100.0,5628.0,74.71,148.9168,7.3476
2027-03-12,271.10782,112.4633,0.1443,153.7757,190.9432,86.6463,19.9151,2994.9979,1347.9301,15.9603,101.3855,148.27,13.786,100.0,5628.0,74.71,155.0566,7.3542
2027-03-19,276.72005,114.7914,0.1749,148.4137,184.0791,85.7001,19.8803,2907.8763,1311.0633,14.0829,101.1582,148.27,13.786,100.0,5628.0,74.71,153.6908,7.3377
2027-03-26,274.79357,113.9923,0.1564,155.9852,189.0852,81.3933,19.9097,3119.6748,1370.708,13.1098,102.3608,148.27,13.786,100.0,5628.0,74.71,147.4748,7.425
2027-04-02,274.17417,113.7353,0.1402,166.5045,179.3022,72.6984,21.3854,3126.0239,1379.0424,12.3604,102.2123,148.27,13.786,100.0,5628.0,74.71,134.9256,7.4142
2027-04-09,277.22984,115.0029,0.152,163.8492,176.3436,69.2301,20.5702,2910.0801,1421.2731,13.1515,102.1771,148.27,13.786,100.0,5628.0,74.71,129.9197,7.4117
2027-04-16,278.59172,115.5679,0.1008,167.8685,169.4939,69.6408,21.7828,2775.3572,1455.8352,11.8142,102.6295,148.27,13.786,100.0,5628.0,74.71,130.5125,7.4445
2027-04-23,276.99644,114.9061,0.0945,164.5952,167.4206,63.6484,23.145,2687.8694,1473.5216,18.4726,101.4581,148.27,13.786,100.0,5628.0,74.71,121.8637,7.3595
2027-04-30,277.82973,115.2518,0.1035,160.3232,172.7151,67.949,24.5434,2634.6833,1638.0042,13.8876,100.7224,148.27,13.786,100.0,5628.0,74.71,128.0707,7.3061
2027-05-07,278.36971,115.4758,0.0967,161.1488,171.6525,72.8038,25.0449,2663.335,1609.778,12.8325,100.429,148.27,13.786,100.0,5628.0,74.71,135.0777,7.2849
2027-05-14,278.68424,115.6062,0.0776,145.8382,174.2211,71.6542,26.9042,2646.5816,1703.7747,11.5033,98.833,148.27,13.786,100.0,5628.0,74.71,133.4184,7.1691
2027-05-21,276.62661,114.7527,0.0724,148.1953,172.7003,75.2545,22.8615,2667.2326,1762.3144,9.064,99.681,148.27,13.786,100.0,5628.0,74.71,138.6147,7.2306
2027-05-28,274.47474,113.86,0.105,155.0484,173.3041,73.1219,23.585,2586.2229,1701.7496,11.5485,99.9939,148.27,13.786,100.0,5628.0,74.71,135.5368,7.2533
2027-06-04,276.48474,114.6938,0.167,153.3002,166.5564,71.2308,24.2824,2646.0187,1635.7765,13.2749,101.0059,148.27,13.786,100.0,5628.0,74.71,132.8073,7.3267
2027-06-11,273.78904,113.5756,0.1704,146.1986,163.136,71.9546,25.8641,2580.4763,1479.7139,13.6592,102.9888,148.27,13.786,100.0,5628.0,74.71,133.852,7.4705
2027-06-18,276.89584,114.8644,0.1568,147.0671,168.0515,74.0305,26.3251,2523.8288,1510.7527,18.4779,104.0218,148.27,13.786,100.0,5628.0,74.71,136.8481,7.5455
2027-06-25,274.36247,113.8135,0.1098,140.6854,167.214,74.2769,28.5807,2404.4622,1614.7109,18.0061,103.7171,148.27,13.786,100.0,5628.0,74.71,137.2038,7.5234
2027-07-02,272.24136,112.9336,0.107,146.2056,167.7344,68.8306,25.9872,2382.8248,1736.2505,17.2624,102.6051,148.27,13.786,100.0,5628.0,74.71,129.3431,7.4427
2027-07-09,275.75921,114.3929,0.1143,129.3497,167.3834,67.9002,27.3906,2516.1576,1823.586,16.525,101.798,148.27,13.786,100.0,5628.0,74.71,128.0003,7.3842
2027-07-16,274.16074,113.7298,0.1227,129.5334,167.2378,68.7012,27.1231,2476.1903,1781.4534,16.4316,101.4116,148.27,13.786,100.0,5628.0,74.71,129.1563,7.3561
2027-07-23,271.16373,112.4865,0.104,128.1283,177.8195,58.7464,29.4366,2569.1792,1628.9915,15.5446,101.1527,148.27,13.786,100.0,5628.0,74.71,114.7887,7.3373
2027-07-30,267.81146,111.0959,0.1311,121.8724,190.9913,62.0858,32.376,2625.2613,1551.7142,14.282,101.5283,148.27,13.786,100.0,5628.0,74.71,119.6083,7.3646
2027-08-06,268.76158,111.49,0.126,120.6241,188.1169,64.7498,33.4877,2599.3864,1632.0043,11.9988,101.9987,148.27,13.786,100.0,5628.0,74.71,123.4533,7.3987
2027-08-13,266.1015,110.3866,0.1486,122.5177,178.7898,68.3832,33.0565,2561.6312,1708.2534,10.7103,100.9711,148.27,13.786,100.0,5628.0,74.71,128.6974,7.3242
2027-08-20,268.06992,111.2031,0.1848,115.6246,192.0509,60.4728,37.5185,2578.7938,1701.5291,9.8085,101.2778,148.27,13.786,100.0,5628.0,74.71,117.2804,7.3464
2027-08-27,270.31471,112.1343,0.1802,116.3013,193.2469,59.1894,37.3865,2603.3297,1580.4815,7.8943,101.8398,148.27,13.786,100.0,5628.0,74.71,115.4279,7.3872
2027-09-03,280.28336,116.2696,0.1955,116.4679,196.018,57.3335,35.3123,2619.5044,1515.2807,8.4274,100.5966,148.27,13.786,100.0,5628.0,74.71,112.7494,7.297
2027-09-10,274.08648,113.699,0.2018,125.4963,208.9804,54.0347,36.6988,2608.7445,1569.4596,8.9611,98.8864,148.27,13.786,100.0,5628.0,74.71,107.9882,7.173
2027-09-17,276.853,114.8466,0.2072,122.1021,197.3613,51.1683,33.2171,2536.9422,1643.0394,7.6902,100.8112,148.27,13.786,100.0,5628.0,74.71,103.8512,7.3126
2027-09-24,275.18924,114.1564,0.2599,117.464,203.0858,49.4589,33.5392,2734.1726,1636.5448,9.2487,100.3066,148.27,13.786,100.0,5628.0,74.71,101.384,7.276
2027-10-01,280.81663,116.4908,0.2495,109.4422,199.8157,50.9414,34.9112,2650.1859,1704.0587,6.964,101.1558,148.27,13.786,100.0,5628.0,74.71,103.5236,7.3376
2027-10-08,277.27234,115.0205,0.2528,111.4148,204.8603,52.6546,37.8471,2716.3294,1738.5861,6.8842,99.9491,148.27,13.786,100.0,5628.0,74.71,105.9963,7.25
2027-10-15,278.88016,115.6875,0.2646,115.7166,205.9935,54.0629,37.2725,2808.0698,1732.8476,6.3862,100.6056,148.27,13.786,100.0,5628.0,74.71,108.0289,7.2977
2027-10-22,277.99881,115.3219,0.2162,116.9496,202.0292,58.2257,34.8963,2793.9058,1700.4598,8.0574,100.7585,148.27,13.786,100.0,5628.0,74.71,114.0372,7.3088
2027-10-29,282.24537,117.0835,0.2246,109.9984,206.9166,60.7323,35.0353,2896.0897,1651.1552,7.4215,98.9601,148.27,13.786,100.0,5628.0,74.71,117.6549,7.1783
2027-11-05,287.85885,119.4121,0.2001,107.8244,219.5452,66.6715,33.7177,2861.9185,1631.3891,5.9774,98.3082,148.27,13.786,100.0,5628.0,74.71,126.227,7.131
2027-11-12,289.27597,120.0,0.2488,98.7391,209.0235,62.5875,35.4855,2849.1106,1574.3494,8.6642,97.8416,148.27,13.786,100.0,5628.0,74.71,120.3324,7.0972
2027-11-19,285.92855,118.6114,0.26,95.9375,204.5633,60.3268,34.0673,2797.6955,1657.7403,10.8854,97.443,148.27,13.786,100.0,5628.0,74.71,117.0697,7.0683
2027-11-26,289.27597,120.0,0.2889,92.9269,198.7954,69.3395,36.5375,2731.0302,1669.83,10.2671,97.8651,148.27,13.786,100.0,5628.0,74.71,130.0776,7.0989
2027-12-03,289.27597,120.0,0.3192,92.21,192.4464,63.9157,34.6223,2729.2042,1804.9572,9.4454,98.0314,148.27,13.786,100.0,5628.0,74.71,122.2495,7.1109
2027-12-10,284.88842,118.1799,0.3247,97.4682,195.1636,69.1145,31.8455,2602.9152,1841.6945,9.8154,98.2562,148.27,13.786,100.0,5628.0,74.71,129.7529,7.1272
2027-12-17,287.56985,119.2923,0.2927,101.2264,199.2461,73.6094,34.7447,2710.3705,1894.3747,9.5536,98.3675,148.27,13.786,100.0,5628.0,74.71,136.2403,7.1353
2027-12-24,285.77226,118.5466,0.2466,103.2125,202.5304,72.6355,34.7657,2776.3007,1776.2983,9.59,98.4379,148.27,13.786,100.0,5628.0,74.71,134.8347,7.1404
2027-12-31,285.48181,118.4261,0.2497,101.8001,204.3545,73.714,39.096,2769.3118,1798.0839,10.5732,98.5775,148.27,13.786,100.0,5628.0,74.71,136.3913,7.1505
2028-01-07,279.78261,116.0619,0.1856,100.1529,205.8212,66.2416,42.0118,2731.5805,1808.2529,11.2145,98.2062,148.27,13.786,100.0,5628.0,74.71,125.6064,7.1236
2028-01-14,279.07779,115.7695,0.1696,97.6689,222.2162,60.8128,35.6982,2767.385,1769.5599,9.5149,98.7194,148.27,13.786,100.0,5628.0,74.71,117.7711,7.1608
2028-01-21,276.95487,114.8889,0.1513,96.7058,212.0838,60.4032,37.4269,2670.9789,1901.5976,10.9913,98.5761,148.27,13.786,100.0,5628.0,74.71,117.1799,7.1504
2028-01-28,278.74012,115.6294,0.1941,91.3501,224.9347,60.1114,40.6737,2698.2975,1939.7543,12.0444,98.9029,148.27,13.786,100.0,5628.0,74.71,116.7588,7.1742
2028-02-04,276.99145,114.904,0.194,96.7428,229.489,56.5619,40.5349,2728.4295,1877.3584,9.68,98.6801,148.27,13.786,100.0,5628.0,74.71,111.6357,7.158
2028-02-11,273.71481,113.5448,0.2072,100.5568,223.4778,55.0914,35.2413,2693.3138,1690.5046,7.5026,99.2326,148.27,13.786,100.0,5628.0,74.71,109.5133,7.1981
2028-02-18,273.25421,113.3537,0.2079,100.4679,218.3482,54.2417,34.2109,2888.6574,1688.993,8.1624,100.5329,148.27,13.786,100.0,5628.0,74.71,108.287,7.2924
2028-02-25,269.21411,111.6778,0.194,99.26,217.5903,53.6717,32.4105,2905.6383,1613.1895,9.5682,100.9945,148.27,13.786,100.0,5628.0,74.71,107.4643,7.3259
2028-03-03,271.88806,112.787,0.2229,100.5387,210.6346,59.7343,33.2905,2939.5577,1661.6138,8.716,101.8027,148.27,13.786,100.0,5628.0,74.71,116.2144,7.3845
2028-03-10,272.40977,113.0034,0.2554,99.6523,222.2481,61.1675,39.1518,2908.631,1676.5165,7.383,101.415,148.27,13.786,100.0,5628.0,74.71,118.283,7.3564
2028-03-17,274.74049,113.9703,0.2488,114.1421,221.3813,57.8879,41.4116,2815.2579,1718.0949,6.8095,101.5752,148.27,13.786,100.0,5628.0,74.71,113.5495,7.368
2028-03-24,269.0134,111.5945,0.2287,119.1375,229.4003,51.8528,38.7397,2690.702,1873.7403,6.6944,102.9047,148.27,13.786,100.0,5628.0,74.71,104.8392,7.4644
2028-03-31,273.44303,113.432,0.2182,123.6002,231.0869,53.5109,35.3051,2800.9974,1937.9643,7.1404,102.3957,148.27,13.786,100.0,5628.0,74.71,107.2323,7.4275
2028-04-07,274.84988,114.0156,0.2145,114.635,230.6183,53.0182,38.2082,2625.201,1957.9197,5.9291,102.6374,148.27,13.786,100.0,5628.0,74.71,106.5212,7.445
2028-04-14,275.51583,114.2919,0.2506,118.9644,219.2159,56.603,36.2591,2509.4406,1935.0854,4.2329,102.8308,148.27,13.786,100.0,5628.0,74.71,111.6951,7.4591
2028-04-21,275.09426,114.117,0.2866,122.5658,207.1399,53.8689,37.694,2572.3405,2040.367,5.1454,102.7669,148.27,13.786,100.0,5628.0,74.71,107.749,7.4544
2028-04-28,275.84097,114.4268,0.2948,120.8955,210.3722,52.8392,36.1902,2576.2831,1980.6455,5.0378,101.9982,148.27,13.786,100.0,5628.0,74.71,106.2628,7.3987
2028-05-05,272.93186,113.22,0.2575,126.0861,213.3658,56.0475,29.1962,2737.8715,1968.8187,6.0201,101.2315,148.27,13.786,100.0,5628.0,74.71,110.8934,7.3431
2028-05-12,275.34616,114.2215,0.2633,127.7079,207.7903,59.7148,28.8476,2782.0958,1892.2804,5.9898,102.722,148.27,13.786,100.0,5628.0,74.71,116.1864,7.4512
2028-05-19,273.27169,113.361,0.2684,125.1295,208.3661,60.416,29.8298,2696.6609,1947.9282,5.0268,103.9521,148.27,13.786,100.0,5628.0,74.71,117.1983,7.5404
2028-05-26,273.3585,113.397,0.2814,131.0308,206.2393,61.6438,33.1866,2741.5643,1978.2348,3.8336,103.2502,148.27,13.786,100.0,5628.0,74.71,118.9705,7.4895
2028-06-02,274.62812,113.9237,0.3231,135.4415,211.6489,66.5231,32.5536,2751.4654,1892.1631,3.1212,102.024,148.27,13.786,100.0,5628.0,74.71,126.0127,7.4006
2028-06-09,272.45081,113.0204,0.2952,126.1737,209.0523,61.632,31.1379,2765.3431,1835.7579,3.7188,103.1725,148.27,13.786,100.0,5628.0,74.71,118.9534,7.4839
2028-06-16,272.24505,112.9351,0.3113,126.5293,218.8656,60.0008,31.0958,2674.145,1717.9762,4.6915,101.8133,148.27,13.786,100.0,5628.0,74.71,116.5992,7.3853
2028-06-23,269.516,111.803,0.2751,130.5387,224.0585,59.1123,32.0176,2659.7394,1759.6745,4.6659,101.1132,148.27,13.786,100.0,5628.0,74.71,115.3167,7.3345
2028-06-30,271.85552,112.7735,0.2658,136.4781,218.4982,52.8003,32.9783,2779.7046,1819.6298,4.2343,99.9534,148.27,13.786,100.0,5628.0,74.71,106.2066,7.2504
2028-07-07,272.23674,112.9316,0.2637,130.5749,223.4597,58.8846,33.5305,2792.9351,1747.3476,5.3009,99.9007,148.27,13.786,100.0,5628.0,74.71,114.9881,7.2465
2028-07-14,270.25691,112.1103,0.2509,133.4358,224.7331,63.2324,34.5033,2770.1957,1778.0221,5.7441,98.9638,148.27,13.786,100.0,5628.0,74.71,121.2633,7.1786
2028-07-21,265.89504,110.3009,0.2244,131.7784,231.7186,66.0853,32.7582,2835.835,1735.464,7.6961,98.3705,148.27,13.786,100.0,5628.0,74.71,125.3809,7.1355
2028-07-28,267.30074,110.884,0.2309,145.8876,220.3308,68.1641,31.0227,2806.9971,1769.931,9.3707,99.542,148.27,13.786,100.0,5628.0,74.71,128.3812,7.2205
2028-08-04,266.3509,110.49,0.2622,155.9682,205.7194,69.4418,31.0209,2841.2307,1711.791,7.4387,98.1664,148.27,13.786,100.0,5628.0,74.71,130.2252,7.1207
2028-08-11,264.46861,109.7092,0.2595,158.1543,201.2953,63.0947,32.3481,2751.9318,1659.9366,6.7689,98.0269,148.27,13.786,100.0,5628.0,74.71,121.0645,7.1106
2028-08-18,260.83983,108.2039,0.3143,153.7328,207.1296,67.0563,32.6125,2789.3751,1819.3643,5.6054,97.1517,148.27,13.786,100.0,5628.0,74.71,126.7823,7.0471
2028-08-25,266.55774,110.5758,0.2982,151.9237,222.2216,67.4395,31.0083,2710.3521,1869.6689,4.8383,97.2107,148.27,13.786,100.0,5628.0,74.71,127.3353,7.0514
2028-09-01,263.17444,109.1723,0.2991,161.3425,211.5004,65.3463,27.9362,2716.2727,1933.9344,4.897,98.0846,148.27,13.786,100.0,5628.0,74.71,124.3142,7.1148
2028-09-08,262.49868,108.892,0.3144,157.5086,214.6405,67.3197,29.1722,2633.1841,1860.9115,4.3725,97.9154,148.27,13.786,100.0,5628.0,74.71,127.1625,7.1025
2028-09-15,262.08093,108.7187,0.3215,151.5275,201.095,76.4603,26.8249,2698.1398,1863.4779,4.5527,97.9156,148.27,13.786,100.0,5628.0,74.71,140.355,7.1025
2028-09-22,255.56699,106.0165,0.3536,148.5283,210.8781,79.0709,28.0474,2658.7936,1844.5527,3.7609,97.6654,148.27,13.786,100.0,5628.0,74.71,144.1229,7.0844
2028-09-29,251.9682,104.5237,0.3463,148.8808,212.3491,78.0266,28.4636,2856.4576,1820.7835,3.3873,98.044,148.27,13.786,100.0,5628.0,74.71,142.6158,7.1119
2028-10-06,251.48873,104.3248,0.3137,146.3803,203.9411,80.4021,28.5797,2710.7665,1770.5698,2.1288,98.2547,148.27,13.786,100.0,5628.0,74.71,146.0442,7.1271
2028-10-13,251.11304,104.1689,0.2857,150.0485,193.565,75.9413,29.4801,2657.1587,1765.811,1.9443,97.9622,148.27,13.786,100.0,5628.0,74.71,139.606,7.1059
2028-10-20,244.89437,101.5892,0.2743,152.146,188.6797,76.0118,27.93,2541.3547,1836.9894,2.1069,99.6097,148.27,13.786,100.0,5628.0,74.71,139.7078,7.2254
2028-10-27,244.88532,101.5855,0.2646,151.2623,196.438,73.7692,25.607,2632.2892,1812.016,2.4265,100.1651,148.27,13.786,100.0,5628.0,74.71,136.471,7.2657
2028-11-03,241.48119,100.1734,0.3225,148.5855,196.3179,77.6271,24.1389,2640.7414,1726.3939,2.068,100.1435,148.27,13.786,100.0,5628.0,74.71,142.0392,7.2641
2028-11-10,237.583,98.5563,0.3214,140.7038,195.999,83.1721,22.6429,2469.8454,1693.4901,1.7966,98.498,148.27,13.786,100.0,5628.0,74.71,150.0422,7.1448
2028-11-17,236.90634,98.2756,0.3381,148.2548,187.2555,75.6767,21.9709,2463.6044,1762.428,2.254,99.3739,148.27,13.786,100.0,5628.0,74.71,139.2242,7.2083
2028-11-24,237.56538,98.549,0.3162,143.9823,188.5451,70.5355,22.0744,2470.0522,1898.8664,2.1724,99.4399,148.27,13.786,100.0,5628.0,74.71,131.8038,7.2131
2028-12-01,239.06002,99.169,0.2879,138.8008,198.7869,66.5655,20.004,2519.4766,1996.4943,2.0203,99.1254,148.27,13.786,100.0,5628.0,74.71,126.0739,7.1903
2028-12-08,235.65273,97.7555,0.3194,133.9326,206.0374,68.9957,22.049,2429.4618,1953.5673,2.1137,98.4603,148.27,13.786,100.0,5628.0,74.71,129.5814,7.142
2028-12-15,235.34464,97.6277,0.3059,130.4125,206.3625,75.1896,25.1995,2482.793,2004.431,1.8425,98.7189,148.27,13.786,100.0,5628.0,74.71,138.521,7.1608
2028-12-22,235.95903,97.8826,0.2946,126.9184,195.8723,67.8558,21.8091,2525.0499,2017.3158,1.7046,98.4816,148.27,13.786,100.0,5628.0,74.71,127.9363,7.1436
2028-12-29,238.21323,98.8177,0.311,119.3768,203.2927,69.0857,22.2446,2587.366,1947.5258,2.0719,98.3819,148.27,13.786,100.0,5628.0,74.71,129.7113,7.1364
2029-01-05,238.38703,98.8898,0.2596,113.8431,207.4999,70.43,22.2955,2580.3512,1940.3228,2.3611,98.7975,148.27,13.786,100.0,5628.0,74.71,131.6515,7.1665
2029-01-12,239.85138,99.4973,0.283,116.4499,213.7062,80.6791,24.1485,2441.8116,1946.9456,3.1594,99.2478,148.27,13.786,100.0,5628.0,74.71,146.444,7.1992
2029-01-19,239.78227,99.4686,0.236,113.1863,217.9085,79.4945,24.1142,2501.4024,1870.4099,3.8864,98.9433,148.27,13.786,100.0,5628.0,74.71,144.7344,7.1771
2029-01-26,240.47351,99.7553,0.2092,116.9771,231.1308,77.1148,22.2081,2521.7635,1992.0126,3.0782,98.1499,148.27,13.786,100.0,5628.0,74.71,141.2997,7.1195
2029-02-02,242.04449,100.407,0.1915,112.6903,212.2387,79.8448,22.7741,2400.3005,2121.7392,4.0335,97.6152,148.27,13.786,100.0,5628.0,74.71,145.24,7.0807
2029-02-09,245.10585,101.677,0.2207,113.6305,205.1378,90.9998,22.28,2409.1969,2059.5074,5.4408,98.9662,148.27,13.786,100.0,5628.0,74.71,161.3399,7.1787
2029-02-16,241.18528,100.0506,0.2435,110.4332,212.172,90.962,24.5596,2488.6924,2002.4495,6.3365,99.4595,148.27,13.786,100.0,5628.0,74.71,161.2854,7.2145
2029-02-23,244.80347,101.5515,0.2086,108.2771,204.6538,86.543,24.3151,2523.7233,1887.5356,6.5328,99.8786,148.27,13.786,100.0,5628.0,74.71,154.9074,7.2449
2029-03-02,245.80055,101.9651,0.1728,106.5626,206.8468,92.6109,23.773,2613.2716,1735.7089,5.3403,100.133,148.27,13.786,100.0,5628.0,74.71,163.6652,7.2634
2029-03-09,252.6486,104.8059,0.2162,104.0243,213.4486,82.8005,24.076,2692.9928,1721.1384,5.0328,100.4269,148.27,13.786,100.0,5628.0,74.71,149.5059,7.2847
2029-03-16,253.40401,105.1193,0.1823,98.8723,213.0009,83.8125,23.4099,2477.372,1709.2063,5.8166,100.998,148.27,13.786,100.0,5628.0,74.71,150.9665,7.3261
2029-03-23,253.5899,105.1964,0.1556,100.6778,208.0853,85.5807,23.6225,2408.0842,1644.4472,6.1582,100.8359,148.27,13.786,100.0,5628.0,74.71,153.5185,7.3144
2029-03-30,256.76179,106.5122,0.1609,99.2909,221.8068,82.9627,23.5985,2415.2531,1565.8859,4.6381,100.0852,148.27,13.786,100.0,5628.0,74.71,149.7399,7.2599
2029-04-06,262.46754,108.8791,0.2357,102.5336,222.6831,82.4277,22.5646,2478.2143,1504.8141,3.8796,100.4998,148.27,13.786,100.0,5628.0,74.71,148.9678,7.29
2029-04-13,264.16504,109.5833,0.3135,102.9113,225.861,78.5848,22.0434,2447.6975,1469.9398,4.2953,100.1717,148.27,13.786,100.0,5628.0,74.71,143.4213,7.2662
2029-04-20,264.82435,109.8568,0.367,101.5318,227.2668,80.3659,25.2154,2441.8614,1418.1334,3.5039,100.1297,148.27,13.786,100.0,5628.0,74.71,145.9921,7.2631
